{
    "total_resources": {
        "R1": 1, 
        "R2": 1
    },
    "processes": [
        {
            "id": "A",
            "value": 10,
            "script": [
                "GET R1 1", 
                "CPU 3", 
                "GET R2 1", 
                "CPU 2", 
                "REL ALL"
            ]
        },
        {
            "id": "B",
            "value": 5,
            "script": [
                "GET R2 1", 
                "CPU 3", 
                "GET R1 1", 
                "CPU 2", 
                "REL ALL"
            ]
        }
    ]
}
