{
  "total_resources": {
    "CPU_CORE": 2,
    "RAM_BLOCK": 3,
    "DISK_IO": 2,
    "NETWORK_PORT": 2,
    "GPU_UNIT": 1,
    "MASTER_KEY": 1
  },
  "processes": [
    {
      "id": "KMS_ENCRYPTION_SVC", 
      "value": 5000,
      "script": [
        "GET MASTER_KEY 1",
        "CPU 5",
        "GET RAM_BLOCK 2",
        "CPU 10",
        "GET NETWORK_PORT 1",
        "CPU 20",
        "REL ALL"
      ]
    },
    {
      "id": "VIDEO_RENDER_ENGINE",
      "value": 100,
      "script": [
        "GET CPU_CORE 1",
        "CPU 2",
        "GET GPU_UNIT 1",
        "CPU 3",
        "GET DISK_IO 1",
        "CPU 2",
        "REL ALL"
      ]
    },
    {
      "id": "PHYSICS_SIMULATION",
      "value": 110,
      "script": [
        "GET GPU_UNIT 1",
        "CPU 2",
        "GET DISK_IO 1",
        "CPU 3",
        "GET RAM_BLOCK 1",
        "CPU 2",
        "REL ALL"
      ]
    },
    {
      "id": "LOG_AGGREGATOR_IO",
      "value": 90,
      "script": [
        "GET DISK_IO 1",
        "CPU 2",
        "GET RAM_BLOCK 1",
        "CPU 3",
        "GET CPU_CORE 1",
        "CPU 2",
        "REL ALL"
      ]
    },
    {
      "id": "SYSTEM_WATCHDOG",
      "value": 50,
      "script": [
        "CPU 4",
        "GET RAM_BLOCK 1",
        "GET DISK_IO 1",
        "GET GPU_UNIT 1",
        "CPU 5",
        "REL ALL"
      ]
    },
    {
      "id": "SSH_REMOTE_LOGIN",
      "value": 10,
      "script": [
        "GET NETWORK_PORT 1",
        "GET CPU_CORE 1",
        "GET MASTER_KEY 1",
        "REL ALL"
      ]
    },
    {
      "id": "DB_INDEXING_JOB",
      "value": 2000,
      "script": [
        "GET RAM_BLOCK 1",
        "CPU 50",
        "GET CPU_CORE 1",
        "REL ALL"
      ]
    }
  ]
}