{
    "total_resources": {
        "FORK_1": 1,
        "FORK_2": 1,
        "FORK_3": 1,
        "FORK_4": 1,
        "FORK_5": 1
    },
    "processes": [
        {
            "id": "PHILOSOPHER_1",
            "value": 10,
            "script": [
                "GET FORK_1 1", 
                "CPU 1", 
                "GET FORK_2 1", 
                "CPU 1", 
                "REL ALL"
            ]
        },
        {
            "id": "PHILOSOPHER_2",
            "value": 20,
            "script": [
                "GET FORK_2 1", 
                "CPU 1", 
                "GET FORK_3 1", 
                "CPU 1", 
                "REL ALL"
            ]
        },
        {
            "id": "PHILOSOPHER_3",
            "value": 30,
            "script": [
                "GET FORK_3 1", 
                "CPU 1", 
                "GET FORK_4 1", 
                "CPU 1", 
                "REL ALL"
              ]
        },
        {
            "id": "PHILOSOPHER_4",
            "value": 40,
            "script": [
                "GET FORK_4 1", 
                "CPU 1", 
                "GET FORK_5 1", 
                "CPU 1", 
                "REL ALL"
              ]
        },
        {
            "id": "PHILOSOPHER_5",
            "value": 50,
            "script": [
                "GET FORK_5 1", 
                "CPU 1", 
                "GET FORK_1 1", 
                "CPU 1", 
                "REL ALL"
            ]
        }
    ]
}
