{
    "total_resources": {
        "GPU": 2,  
        "RAM": 2
    },
    "processes": [
        {
            "id": "AI_TRAINING",
            "value": 1000,
            "script": [
                "GET GPU 2", 
                "CPU 10", 
                "GET RAM 1", 
                "CPU 5", 
                "REL ALL"
            ]
        },
        {
            "id": "VIDEO_RENDER",
            "value": 800,
            "script": [
                "GET RAM 1",
                "CPU 4",
                "GET GPU 1",
                "CPU 4",
                "GET RAM 1",
                "REL ALL"
            ]
        },
        {
            "id": "GAME_SERVER",
            "value": 100,
            "script": [
                "GET RAM 2", 
                "CPU 2", 
                "GET GPU 1", 
                "REL ALL"
            ]
        },
        {
            "id": "MINER_VIRUS",
            "value": 5,
            "script": [
                "GET GPU 1", 
                "CPU 20", 
                "GET RAM 2", 
                "REL ALL"
            ]
        }
    ]
}
