{
    "total_resources": {
        "R1": 2, 
        "R2": 2, 
        "R3": 2
    },
    "processes": [
        {
            "id": "A",
            "value": 50,
            "script": [
                "GET R1 1", 
                "GET R2 1", 
                "GET R3 1", 
                "REL ALL"
            ]
        },
        {
            "id": "B",
            "value": 40,
            "script": [
                "GET R2 1", 
                "GET R3 1", 
                "GET R1 1", 
                "REL ALL"
            ]
        },
        {
            "id": "C",
            "value": 30,
            "script": [
                "GET R3 1", 
                "GET R1 1", 
                "GET R2 1", 
                "REL ALL"
            ]
        },
        {
            "id": "D", 
            "value": 20, 
            "script": [
                "GET R1 1", 
                "CPU 2", 
                "GET R3 1", 
                "REL ALL"
            ]
        }
    ]
}